index,Family,Genus,CommonName,Species,Species (ITIS),Habitat_Forest,Habitat_Savanna,Habitat_Shrubland,Habitat_Grassland,Habitat_Wetlands,Habitat_Rocky areas,Habitat_Desert,Refs1,Refs2,non-forest,only-forest,In-phylogeny,non-forest_phy,only-forest_phy,TrophicGuild,diet
0,Cercopithecidae,Allenopithecus,Allen_s_Swamp_Monkey,Allenopithecus_nigroviridis,Allenopithecus_nigroviridis,1.0,0.0,0.0,0.0,1.0,0.0,0.0,227.0,,1.0,0.0,1.0,1.0,0.0,Frugivore,Herbivore
1,Cheirogaleidae,Allocebus,Hairy_eared_Dwarf_Lemur,Allocebus_trichotis,Allocebus_trichotis,1.0,0.0,0.0,0.0,0.0,0.0,0.0,227.0,,0.0,1.0,1.0,0.0,1.0,Omnivore,Omnivore
6,Atelidae,Alouatta,Red_handed_Howler,Alouatta_belzebul,Alouatta_belzebul,1.0,0.0,0.0,0.0,0.0,0.0,0.0,227.0,,0.0,1.0,1.0,0.0,1.0,Folivore_frugivore,Herbivore
7,Atelidae,Alouatta,Paraguayan_Howler,Alouatta_caraya,Alouatta_caraya,1.0,1.0,0.0,0.0,0.0,0.0,0.0,227.0,,1.0,0.0,1.0,1.0,0.0,Folivore_frugivore,Herbivore
9,Atelidae,Alouatta,Brown_Howler,Alouatta_guariba,Alouatta_guariba,1.0,0.0,0.0,0.0,0.0,0.0,0.0,227.0,,0.0,1.0,1.0,0.0,1.0,Folivore_frugivore,Herbivore
10,Atelidae,Alouatta,Guianan_Red_Howler,Alouatta_macconnelli,Alouatta_macconnelli,1.0,1.0,0.0,0.0,0.0,0.0,0.0,227.0,,1.0,0.0,1.0,1.0,0.0,Folivore,Herbivore
12,Atelidae,Alouatta,Mantled_Howler,Alouatta_palliata,Alouatta_palliata,1.0,0.0,0.0,0.0,0.0,0.0,0.0,227.0,,0.0,1.0,1.0,0.0,1.0,Folivore,Herbivore
13,Atelidae,Alouatta,Central_American_Black_Howler,Alouatta_pigra,Alouatta_pigra,1.0,0.0,0.0,0.0,0.0,0.0,0.0,227.0,,0.0,1.0,1.0,0.0,1.0,Folivore_frugivore,Herbivore
14,Atelidae,Alouatta,Bolivian_Red_Howler,Alouatta_sara,Alouatta_sara,1.0,1.0,0.0,0.0,0.0,0.0,0.0,227.0,,1.0,0.0,1.0,1.0,0.0,Folivore_frugivore,Herbivore
15,Atelidae,Alouatta,Colombian_Red_Howler,Alouatta_seniculus,Alouatta_seniculus,1.0,1.0,0.0,0.0,0.0,0.0,0.0,227.0,,1.0,0.0,1.0,1.0,0.0,Folivore_frugivore,Herbivore
18,Aotidae,Aotus,Brumback_s_Night_Monkey,Aotus_brumbacki,Aotus_brumbacki,1.0,1.0,0.0,0.0,0.0,0.0,0.0,227.0,,1.0,0.0,1.0,1.0,0.0,Omnivore,Omnivore
21,Aotidae,Aotus,Lemurine_Night_Monkey,Aotus_lemurinus,Aotus_lemurinus,1.0,0.0,0.0,0.0,0.0,0.0,0.0,227.0,,0.0,1.0,1.0,0.0,1.0,Omnivore,Omnivore
23,Aotidae,Aotus,Ma_s_Night_Monkey,Aotus_nancymaae,Aotus_nancymaae,1.0,0.0,0.0,0.0,0.0,0.0,0.0,227.0,,0.0,1.0,1.0,0.0,1.0,Frugivore,Herbivore
24,Aotidae,Aotus,Black_headed_Night_Monkey,Aotus_nigriceps,Aotus_nigriceps,1.0,0.0,0.0,0.0,0.0,0.0,0.0,227.0,,0.0,1.0,1.0,0.0,1.0,Frugivore,Herbivore
25,Aotidae,Aotus,Humboldt_s_Night_Monkey,Aotus_trivirgatus,Aotus_trivirgatus,1.0,0.0,0.0,0.0,0.0,0.0,0.0,227.0,,0.0,1.0,1.0,0.0,1.0,Frugivore,Herbivore
26,Aotidae,Aotus,Spix_s_Night_Monkey,Aotus_vociferans,Aotus_vociferans,1.0,0.0,0.0,0.0,0.0,0.0,0.0,227.0,,0.0,1.0,1.0,0.0,1.0,Frugivore,Herbivore
28,Lorisidae,Arctocebus,Golden_Angwantibo,Arctocebus_aureus,Arctocebus_aureus,1.0,0.0,0.0,0.0,0.0,0.0,0.0,227.0,,0.0,1.0,1.0,0.0,1.0,Insectivore,Omnivore
29,Lorisidae,Arctocebus,Calabar_Angwantibo,Arctocebus_calabarensis,Arctocebus_calabarensis,1.0,0.0,0.0,0.0,0.0,0.0,0.0,227.0,,0.0,1.0,1.0,0.0,1.0,Insectivore,Omnivore
30,Atelidae,Ateles,White_bellied_Spider_Monkey,Ateles_belzebuth,Ateles_belzebuth,1.0,0.0,0.0,0.0,0.0,0.0,0.0,227.0,,0.0,1.0,1.0,0.0,1.0,Frugivore,Herbivore
32,Atelidae,Ateles,Brown_headed_Spider_Monkey,Ateles_fusciceps,Ateles_fusciceps,1.0,0.0,0.0,0.0,0.0,0.0,0.0,227.0,,0.0,1.0,1.0,0.0,1.0,Frugivore,Herbivore
33,Atelidae,Ateles,Central_American_Spider_Monkey,Ateles_geoffroyi,Ateles_geoffroyi,1.0,0.0,0.0,0.0,0.0,0.0,0.0,227.0,,0.0,1.0,1.0,0.0,1.0,Frugivore,Herbivore
34,Atelidae,Ateles,Variegated_Spider_Monkey,Ateles_hybridus,Ateles_hybridus,1.0,0.0,0.0,0.0,0.0,0.0,0.0,227.0,,0.0,1.0,1.0,0.0,1.0,Frugivore,Herbivore
36,Atelidae,Ateles,Red_faced_Black_Spider_Monkey,Ateles_paniscus,Ateles_paniscus,1.0,0.0,0.0,0.0,0.0,0.0,0.0,227.0,,0.0,1.0,1.0,0.0,1.0,Frugivore,Herbivore
38,Indriidae,Avahi,Bemaraha_Woolly_Lemur,Avahi_cleesei,Avahi_cleesei,1.0,0.0,0.0,0.0,0.0,0.0,0.0,227.0,,0.0,1.0,1.0,0.0,1.0,Folivore,Herbivore
39,Indriidae,Avahi,Eastern_Woolly_Lemur,Avahi_laniger,Avahi_laniger,1.0,0.0,0.0,0.0,0.0,0.0,0.0,227.0,,0.0,1.0,1.0,0.0,1.0,Folivore,Herbivore
42,Indriidae,Avahi,Western_Woolly_Lemur,Avahi_occidentalis,Avahi_occidentalis,1.0,0.0,0.0,0.0,0.0,0.0,0.0,227.0,,0.0,1.0,1.0,0.0,1.0,Folivore,Herbivore
43,Indriidae,Avahi,Peyrieras_s_Woolly_Lemur,Avahi_peyrierasi,Avahi_peyrierasi,1.0,0.0,0.0,0.0,0.0,0.0,0.0,227.0,,0.0,1.0,1.0,0.0,1.0,Folivore,Herbivore
45,Indriidae,Avahi,Sambirano_Woolly_Lemur,Avahi_unicolor,Avahi_unicolor,1.0,0.0,0.0,0.0,0.0,0.0,0.0,227.0,,0.0,1.0,1.0,0.0,1.0,Folivore,Herbivore
46,Atelidae,Brachyteles,Southern_Muriqui,Brachyteles_arachnoides,Brachyteles_arachnoides,1.0,0.0,0.0,0.0,0.0,0.0,0.0,227.0,,0.0,1.0,1.0,0.0,1.0,Folivore_frugivore,Herbivore
47,Atelidae,Brachyteles,Northern_Muriqui,Brachyteles_hypoxanthus,Brachyteles_hypoxanthus,1.0,0.0,0.0,0.0,0.0,0.0,0.0,227.0,,0.0,1.0,1.0,0.0,1.0,Folivore_frugivore,Herbivore
49,Pitheciidae,Cacajao,Bald_Uacari,Cacajao_calvus,Cacajao_calvus,1.0,0.0,0.0,0.0,0.0,0.0,0.0,227.0,,0.0,1.0,1.0,0.0,1.0,Frugivore,Herbivore
50,Pitheciidae,Cacajao,Black_headed_Uacari,Cacajao_melanocephalus,Cacajao_melanocephalus,1.0,0.0,0.0,0.0,0.0,0.0,0.0,227.0,,0.0,1.0,1.0,0.0,1.0,Frugivore,Herbivore
57,Pitheciidae,Callicebus,Masked_Titi,Callicebus_personatus,Callicebus_personatus,1.0,0.0,0.0,0.0,0.0,0.0,0.0,227.0,,0.0,1.0,1.0,0.0,1.0,Frugivore,Herbivore
58,Callitrichidae,Callimico,Goeldi_s_Monkey*,Callimico_goeldii,Callimico_goeldii,1.0,0.0,0.0,0.0,0.0,0.0,0.0,227.0,,0.0,1.0,1.0,0.0,1.0,Omnivore,Omnivore
59,Callitrichidae,Callithrix,Buffy_tufted_ear_Marmoset,Callithrix_aurita,Callithrix_aurita,1.0,0.0,0.0,0.0,0.0,0.0,0.0,227.0,,0.0,1.0,1.0,0.0,1.0,Omnivore,Omnivore
61,Callitrichidae,Callithrix,Geoffroy_s_Tufted_ear_Marmoset,Callithrix_geoffroyi,Callithrix_geoffroyi,1.0,1.0,0.0,0.0,0.0,0.0,0.0,227.0,,1.0,0.0,1.0,1.0,0.0,Gummivore,Omnivore
62,Callitrichidae,Callithrix,Common_Marmoset,Callithrix_jacchus,Callithrix_jacchus,1.0,1.0,0.0,0.0,0.0,0.0,0.0,227.0,,1.0,0.0,1.0,1.0,0.0,Gummivore,Omnivore
63,Callitrichidae,Callithrix,Wied_s_Black_tufted_ear_Marmoset,Callithrix_kuhlii,Callithrix_kuhlii,1.0,0.0,0.0,0.0,0.0,0.0,0.0,227.0,,0.0,1.0,1.0,0.0,1.0,Omnivore,Omnivore
64,Callitrichidae,Callithrix,Black_tufted_ear_Marmoset,Callithrix_penicillata,Callithrix_penicillata,1.0,1.0,0.0,0.0,0.0,0.0,0.0,227.0,,1.0,0.0,1.0,1.0,0.0,Gummivore,Omnivore
68,Cebidae,Cebus,Humboldt_s_White_fronted_Capuchin,Cebus_albifrons,Cebus_albifrons,1.0,0.0,0.0,0.0,1.0,0.0,0.0,496.0,,1.0,0.0,1.0,1.0,0.0,Omnivore,Omnivore
70,Cebidae,Cebus,Colombian_White_faced_Capuchin,Cebus_capucinus,Cebus_capucinus,1.0,0.0,0.0,0.0,1.0,0.0,0.0,502.0,,1.0,0.0,1.0,1.0,0.0,Omnivore,Omnivore
74,Cebidae,Cebus,Ka_apor_Capuchin,Cebus_kaapori,Cebus_kaapori,1.0,0.0,0.0,0.0,0.0,0.0,0.0,227.0,,0.0,1.0,1.0,0.0,1.0,Omnivore,Omnivore
77,Cebidae,Cebus,Guianan_Weeper_Capuchin,Cebus_olivaceus,Cebus_olivaceus,1.0,0.0,0.0,0.0,0.0,0.0,0.0,513.0,,0.0,1.0,1.0,0.0,1.0,Omnivore,Omnivore
82,Cercopithecidae,Cercocebus,Agile_Mangabey,Cercocebus_agilis,Cercocebus_agilis,1.0,0.0,0.0,0.0,0.0,0.0,0.0,227.0,,0.0,1.0,1.0,0.0,1.0,Frugivore,Herbivore
83,Cercopithecidae,Cercocebus,Sooty_Mangabey,Cercocebus_atys,Cercocebus_atys,1.0,1.0,0.0,0.0,0.0,0.0,0.0,227.0,,1.0,0.0,1.0,1.0,0.0,Frugivore,Herbivore
84,Cercopithecidae,Cercocebus,Golden_bellied_Mangabey,Cercocebus_chrysogaster,Cercocebus_chrysogaster,1.0,0.0,0.0,0.0,0.0,0.0,0.0,227.0,,0.0,1.0,1.0,0.0,1.0,Frugivore,Herbivore
85,Cercopithecidae,Cercocebus,Tana_River_Mangabey,Cercocebus_galeritus,Cercocebus_galeritus,1.0,0.0,0.0,0.0,0.0,0.0,0.0,227.0,,0.0,1.0,1.0,0.0,1.0,Frugivore,Herbivore
88,Cercopithecidae,Cercocebus,Red_capped_Mangabey,Cercocebus_torquatus,Cercocebus_torquatus,1.0,0.0,0.0,0.0,0.0,0.0,0.0,227.0,,0.0,1.0,1.0,0.0,1.0,Frugivore,Herbivore
91,Cercopithecidae,Cercopithecus,Campbell_s_Monkey,Cercopithecus_campbelli,Cercopithecus_campbelli,1.0,1.0,0.0,0.0,0.0,0.0,0.0,227.0,,1.0,0.0,1.0,1.0,0.0,Frugivore,Herbivore
92,Cercopithecidae,Cercopithecus,Moustached_Monkey,Cercopithecus_cephus,Cercopithecus_cephus,1.0,0.0,0.0,0.0,0.0,0.0,0.0,227.0,,0.0,1.0,1.0,0.0,1.0,Frugivore,Herbivore
93,Cercopithecidae,Cercopithecus,Dent_s_Monkey,Cercopithecus_denti,Cercopithecus_denti,1.0,0.0,0.0,0.0,0.0,0.0,0.0,537.0,,0.0,1.0,1.0,0.0,1.0,Omnivore,Omnivore
94,Cercopithecidae,Cercopithecus,Diana_Monkey,Cercopithecus_diana,Cercopithecus_diana,1.0,0.0,0.0,0.0,0.0,0.0,0.0,227.0,,0.0,1.0,1.0,0.0,1.0,Frugivore,Herbivore
96,Cercopithecidae,Cercopithecus,Dryas_Monkey,Cercopithecus_dryas,Cercopithecus_dryas,1.0,0.0,0.0,0.0,0.0,0.0,0.0,227.0,,0.0,1.0,1.0,0.0,1.0,Frugivore,Herbivore
99,Cercopithecidae,Cercopithecus,Owl_faced_Monkey,Cercopithecus_hamlyni,Cercopithecus_hamlyni,1.0,0.0,0.0,0.0,0.0,0.0,0.0,227.0,,0.0,1.0,1.0,0.0,1.0,Omnivore,Omnivore
103,Cercopithecidae,Cercopithecus,Blue_Monkey,Cercopithecus_mitis,Cercopithecus_mitis,1.0,0.0,0.0,0.0,0.0,0.0,0.0,227.0,,0.0,1.0,1.0,0.0,1.0,Frugivore,Herbivore
104,Cercopithecidae,Cercopithecus,Mona_Monkey,Cercopithecus_mona,Cercopithecus_mona,1.0,0.0,0.0,0.0,0.0,0.0,0.0,227.0,,0.0,1.0,1.0,0.0,1.0,Frugivore,Herbivore
105,Cercopithecidae,Cercopithecus,De_Brazza_s_Monkey,Cercopithecus_neglectus,Cercopithecus_neglectus,1.0,0.0,0.0,0.0,1.0,0.0,0.0,227.0,,1.0,0.0,1.0,1.0,0.0,Frugivore,Herbivore
109,Cercopithecidae,Cercopithecus,Roloway_Monkey,Cercopithecus_roloway,Cercopithecus_roloway,1.0,0.0,0.0,0.0,0.0,0.0,0.0,565.0,,0.0,1.0,1.0,0.0,1.0,Omnivore,Omnivore
111,Cercopithecidae,Cercopithecus,Wolf_s_Monkey,Cercopithecus_wolfi,Cercopithecus_wolfi,1.0,1.0,0.0,0.0,1.0,0.0,0.0,1154.0,,1.0,0.0,1.0,1.0,0.0,Folivore_frugivore,Herbivore
113,Cheirogaleidae,Cheirogaleus,Crossley_s_Dwarf_Lemur,Cheirogaleus_crossleyi,Cheirogaleus_crossleyi,1.0,0.0,0.0,0.0,0.0,0.0,0.0,227.0,,0.0,1.0,1.0,0.0,1.0,Omnivore,Omnivore
115,Cheirogaleidae,Cheirogaleus,Greater_Dwarf_Lemur,Cheirogaleus_major,Cheirogaleus_major,1.0,0.0,0.0,0.0,0.0,0.0,0.0,227.0,,0.0,1.0,1.0,0.0,1.0,Folivore_frugivore,Herbivore
116,Cheirogaleidae,Cheirogaleus,Fat_tailed_Dwarf_Lemur,Cheirogaleus_medius,Cheirogaleus_medius,1.0,0.0,0.0,0.0,0.0,0.0,0.0,227.0,,0.0,1.0,1.0,0.0,1.0,Folivore_frugivore,Herbivore
121,Pitheciidae,Cheracebus,White_chested_Titi,Cheracebus_lugens,Cheracebus_lugens,1.0,0.0,0.0,0.0,0.0,0.0,0.0,46.0,511.0,0.0,1.0,1.0,0.0,1.0,Frugivore,Herbivore
125,Pitheciidae,Cheracebus,White_collared_Titi,Cheracebus_torquatus,Cheracebus_torquatus,1.0,0.0,0.0,0.0,0.0,0.0,0.0,241.0,,0.0,1.0,1.0,0.0,1.0,Frugivore,Herbivore
126,Pitheciidae,Chiropotes,White_nosed_Bearded_Saki,Chiropotes_albinasus,Chiropotes_albinasus,1.0,0.0,0.0,0.0,0.0,0.0,0.0,227.0,,0.0,1.0,1.0,0.0,1.0,Frugivore,Herbivore
127,Pitheciidae,Chiropotes,Rio_Negro_Beared_Saki,Chiropotes_chiropotes,Chiropotes_chiropotes,1.0,0.0,0.0,0.0,0.0,0.0,0.0,227.0,,0.0,1.0,1.0,0.0,1.0,Frugivore,Herbivore
129,Pitheciidae,Chiropotes,Black_Bearded_Saki,Chiropotes_satanas,Chiropotes_satanas,1.0,0.0,0.0,0.0,0.0,0.0,0.0,227.0,,0.0,1.0,1.0,0.0,1.0,Frugivore,Herbivore
130,Pitheciidae,Chiropotes,Uta_Hick_s_Bearded_Saki,Chiropotes_utahickae,Chiropotes_utahickae,1.0,0.0,0.0,0.0,0.0,0.0,0.0,227.0,,0.0,1.0,1.0,0.0,1.0,Frugivore,Herbivore
131,Cercopithecidae,Chlorocebus,Grivet_Monkey,Chlorocebus_aethiops,Chlorocebus_aethiops,0.0,1.0,1.0,0.0,0.0,0.0,0.0,227.0,,1.0,0.0,1.0,1.0,0.0,Omnivore,Omnivore
132,Cercopithecidae,Chlorocebus,Malbrouck_Monkey,Chlorocebus_cynosuros,Chlorocebus_cynosuros,1.0,1.0,0.0,0.0,0.0,0.0,0.0,227.0,,1.0,0.0,1.0,1.0,0.0,Omnivore,Omnivore
133,Cercopithecidae,Chlorocebus,Bale_Monkey,Chlorocebus_djamdjamensis,Chlorocebus_djamdjamensis,1.0,0.0,0.0,0.0,0.0,0.0,0.0,227.0,,0.0,1.0,1.0,0.0,1.0,Folivore,Herbivore
134,Cercopithecidae,Chlorocebus,Vervet_Monkey,Chlorocebus_pygerythrus,Chlorocebus_pygerythrus,1.0,1.0,1.0,0.0,0.0,0.0,0.0,227.0,,1.0,0.0,1.0,1.0,0.0,Omnivore,Omnivore
135,Cercopithecidae,Chlorocebus,Green_Monkey,Chlorocebus_sabaeus,Chlorocebus_sabaeus,1.0,1.0,0.0,0.0,0.0,0.0,0.0,227.0,,1.0,0.0,1.0,1.0,0.0,Omnivore,Omnivore
136,Cercopithecidae,Chlorocebus,Tantalus_Monkey,Chlorocebus_tantalus,Chlorocebus_tantalus,1.0,1.0,0.0,0.0,0.0,0.0,0.0,227.0,,1.0,0.0,1.0,1.0,0.0,Omnivore,Omnivore
137,Cercopithecidae,Colobus,Angolan_Colobus,Colobus_angolensis,Colobus_angolensis,1.0,0.0,0.0,0.0,0.0,0.0,0.0,227.0,,0.0,1.0,1.0,0.0,1.0,Folivore,Herbivore
138,Cercopithecidae,Colobus,Guereza,Colobus_guereza,Colobus_guereza,1.0,0.0,0.0,0.0,0.0,0.0,0.0,227.0,,0.0,1.0,1.0,0.0,1.0,Folivore_frugivore,Herbivore
139,Cercopithecidae,Colobus,King_Colobus,Colobus_polykomos,Colobus_polykomos,1.0,0.0,0.0,0.0,0.0,0.0,0.0,227.0,,0.0,1.0,1.0,0.0,1.0,Folivore,Herbivore
141,Cercopithecidae,Colobus,White_thighed_Colobus,Colobus_vellerosus,Colobus_vellerosus,1.0,1.0,0.0,0.0,0.0,0.0,0.0,227.0,,1.0,0.0,1.0,1.0,0.0,Folivore,Herbivore
142,Daubentoniidae,Daubentonia,Aye_aye,Daubentonia_madagascariensis,Daubentonia_madagascariensis,1.0,0.0,1.0,0.0,0.0,0.0,0.0,227.0,,1.0,0.0,1.0,1.0,0.0,Insectivore,Omnivore
143,Cercopithecidae,Erythrocebus,Patas_Monkey,Erythrocebus_patas,Erythrocebus_patas,1.0,1.0,1.0,1.0,0.0,0.0,0.0,227.0,,1.0,0.0,1.0,1.0,0.0,Omnivore,Omnivore
144,Lemuridae,Eulemur,White_fronted_Brown_Lemur,Eulemur_albifrons,Eulemur_albifrons,1.0,0.0,0.0,0.0,0.0,0.0,0.0,227.0,,0.0,1.0,1.0,0.0,1.0,Frugivore,Herbivore
145,Lemuridae,Eulemur,White_collared_Brown_Lemur,Eulemur_cinereiceps,Eulemur_cinereiceps,1.0,0.0,0.0,0.0,0.0,0.0,0.0,227.0,,0.0,1.0,1.0,0.0,1.0,Frugivore,Herbivore
146,Lemuridae,Eulemur,Red_collared_Brown_Lemur,Eulemur_collaris,Eulemur_collaris,1.0,0.0,0.0,0.0,0.0,0.0,0.0,227.0,,0.0,1.0,1.0,0.0,1.0,Frugivore,Herbivore
147,Lemuridae,Eulemur,Crowned_Lemur,Eulemur_coronatus,Eulemur_coronatus,1.0,0.0,0.0,0.0,0.0,0.0,0.0,227.0,,0.0,1.0,1.0,0.0,1.0,Frugivore,Herbivore
148,Lemuridae,Eulemur,Blue_eyed_Black_Lemur,Eulemur_flavifrons,Eulemur_flavifrons,1.0,0.0,0.0,0.0,0.0,0.0,0.0,227.0,,0.0,1.0,1.0,0.0,1.0,Folivore_frugivore,Herbivore
151,Lemuridae,Eulemur,Mongoose_Lemur,Eulemur_mongoz,Eulemur_mongoz,1.0,0.0,0.0,0.0,0.0,0.0,0.0,227.0,,0.0,1.0,1.0,0.0,1.0,Folivore_frugivore,Herbivore
152,Lemuridae,Eulemur,Red_bellied_Lemur,Eulemur_rubriventer,Eulemur_rubriventer,1.0,0.0,0.0,0.0,0.0,0.0,0.0,227.0,,0.0,1.0,1.0,0.0,1.0,Folivore_frugivore,Herbivore
153,Lemuridae,Eulemur,Red_fronted_Brown_Lemur,Eulemur_rufifrons,Eulemur_rufifrons,1.0,0.0,0.0,0.0,0.0,0.0,0.0,227.0,,0.0,1.0,1.0,0.0,1.0,Folivore_frugivore,Herbivore
154,Lemuridae,Eulemur,Rufous_Brown_Lemur,Eulemur_rufus,Eulemur_rufus,1.0,0.0,0.0,0.0,0.0,0.0,0.0,227.0,,0.0,1.0,1.0,0.0,1.0,Frugivore,Herbivore
155,Lemuridae,Eulemur,Sanford_s_Brown_Lemur,Eulemur_sanfordi,Eulemur_sanfordi,1.0,0.0,0.0,0.0,0.0,0.0,0.0,227.0,,0.0,1.0,1.0,0.0,1.0,Frugivore,Herbivore
156,Galagidae,Euoticus,Southern_Needle_clawed_Galago,Euoticus_elegantulus,Euoticus_elegantulus,1.0,0.0,0.0,0.0,0.0,0.0,0.0,227.0,,0.0,1.0,1.0,0.0,1.0,Gummivore,Omnivore
159,Galagidae,Galago,Spectacled_Lesser_Galago,Galago_matschiei,Galago_matschiei,1.0,0.0,0.0,0.0,0.0,0.0,0.0,227.0,,0.0,1.0,1.0,0.0,1.0,Omnivore,Omnivore
160,Galagidae,Galago,Southern_Lesser_Galago,Galago_moholi,Galago_moholi,0.0,1.0,0.0,0.0,0.0,0.0,0.0,227.0,,1.0,1.0,1.0,1.0,1.0,Omnivore,Omnivore
161,Galagidae,Galago,Northern_Lesser_Galago,Galago_senegalensis,Galago_senegalensis,1.0,1.0,0.0,0.0,0.0,0.0,0.0,227.0,,1.0,0.0,1.0,1.0,0.0,Omnivore,Omnivore
162,Galagidae,Galagoides,Kenya_Coast_Dwarf_Galago,Galagoides_cocos,,1.0,0.0,0.0,0.0,0.0,0.0,0.0,227.0,,0.0,1.0,1.0,0.0,1.0,Omnivore,Omnivore
164,Galagidae,Galagoides,Mozambique_Dwarf_Galago,Galagoides_granti,,1.0,0.0,0.0,0.0,0.0,0.0,0.0,227.0,,0.0,1.0,1.0,0.0,1.0,Omnivore,Omnivore
165,Galagidae,Galagoides,Mountain_Dwarf_Galago,Galagoides_orinus,,1.0,0.0,0.0,0.0,0.0,0.0,0.0,227.0,,0.0,1.0,1.0,0.0,1.0,Omnivore,Omnivore
166,Galagidae,Galagoides,Rondo_Dwarf_Galago,Galagoides_rondoensis,,1.0,0.0,0.0,0.0,0.0,0.0,0.0,227.0,,0.0,1.0,1.0,0.0,1.0,Omnivore,Omnivore
167,Galagidae,Galagoides,Thomas_s_Dwarf_Galago,Galagoides_thomasi,Galagoides_thomasi,1.0,0.0,0.0,0.0,0.0,0.0,0.0,227.0,,0.0,1.0,1.0,0.0,1.0,Omnivore,Omnivore
170,Hominidae,Gorilla,Western_Gorilla,Gorilla_gorilla,Gorilla_gorilla,1.0,0.0,0.0,0.0,0.0,0.0,0.0,227.0,,0.0,1.0,1.0,0.0,1.0,Folivore_frugivore,Herbivore
172,Lemuridae,Hapalemur,Golden_Bamboo_Lemur,Hapalemur_aureus,Hapalemur_aureus,1.0,0.0,0.0,0.0,1.0,0.0,0.0,227.0,,1.0,0.0,1.0,1.0,0.0,Folivore,Herbivore
173,Lemuridae,Hapalemur,Gray_Bamboo_Lemur,Hapalemur_griseus,Hapalemur_griseus,1.0,0.0,0.0,0.0,0.0,0.0,0.0,227.0,,0.0,1.0,1.0,0.0,1.0,Folivore,Herbivore
176,Hylobatidae,Hoolock,Western_Hoolock_Gibbon,Hoolock_hoolock,Hoolock_hoolock,1.0,0.0,0.0,0.0,0.0,0.0,0.0,227.0,,0.0,1.0,1.0,0.0,1.0,Frugivore,Herbivore
177,Hylobatidae,Hoolock,Eastern_Hoolock_Gibbon,Hoolock_leuconedys,Hoolock_leuconedys,1.0,0.0,0.0,0.0,0.0,0.0,0.0,227.0,,0.0,1.0,1.0,0.0,1.0,Frugivore,Herbivore
179,Hylobatidae,Hylobates,Agile_Gibbon,Hylobates_agilis,Hylobates_agilis,1.0,0.0,0.0,0.0,0.0,0.0,0.0,227.0,,0.0,1.0,1.0,0.0,1.0,Frugivore,Herbivore
182,Hylobatidae,Hylobates,Kloss_s_Gibbon,Hylobates_klossii,Hylobates_klossii,1.0,0.0,0.0,0.0,0.0,0.0,0.0,227.0,,0.0,1.0,1.0,0.0,1.0,Frugivore,Herbivore
183,Hylobatidae,Hylobates,Lar_Gibbon,Hylobates_lar,Hylobates_lar,1.0,0.0,0.0,0.0,0.0,0.0,0.0,227.0,,0.0,1.0,1.0,0.0,1.0,Frugivore,Herbivore
184,Hylobatidae,Hylobates,Moloch_Gibbon,Hylobates_moloch,Hylobates_moloch,1.0,0.0,0.0,0.0,0.0,0.0,0.0,227.0,,0.0,1.0,1.0,0.0,1.0,Frugivore,Herbivore
185,Hylobatidae,Hylobates,Müller_s_Gibbon,Hylobates_muelleri,Hylobates_muelleri,1.0,0.0,0.0,0.0,0.0,0.0,0.0,227.0,,0.0,1.0,1.0,0.0,1.0,Frugivore,Herbivore
186,Hylobatidae,Hylobates,Pileated_Gibbon,Hylobates_pileatus,Hylobates_pileatus,1.0,0.0,0.0,0.0,0.0,0.0,0.0,227.0,,0.0,1.0,1.0,0.0,1.0,Frugivore,Herbivore
187,Indriidae,Indri,Indri,Indri_indri,Indri_indri,1.0,0.0,0.0,0.0,0.0,0.0,0.0,227.0,,0.0,1.0,1.0,0.0,1.0,Folivore,Herbivore
188,Atelidae,Lagothrix,Gray_Woolly_Monkey,Lagothrix_cana,,1.0,1.0,0.0,0.0,0.0,0.0,0.0,227.0,,1.0,0.0,1.0,1.0,0.0,Frugivore,Herbivore
192,Atelidae,Lagothrix,Poeppig_s_Woolly_Monkey,Lagothrix_poeppigii,,1.0,0.0,0.0,0.0,0.0,0.0,0.0,227.0,,0.0,1.0,1.0,0.0,1.0,Frugivore,Herbivore
193,Lemuridae,Lemur,Ring_tailed_Lemur,Lemur_catta,Lemur_catta,1.0,0.0,1.0,0.0,0.0,0.0,0.0,227.0,,1.0,0.0,1.0,1.0,0.0,Folivore_frugivore,Herbivore
205,Callitrichidae,Leontopithecus,Golden_headed_Lion_Tamarin,Leontopithecus_chrysomelas,Leontopithecus_chrysomelas,1.0,0.0,0.0,0.0,0.0,0.0,0.0,227.0,,0.0,1.0,1.0,0.0,1.0,Omnivore,Omnivore
207,Callitrichidae,Leontopithecus,Golden_Lion_Tamarin,Leontopithecus_rosalia,Leontopithecus_rosalia,1.0,0.0,0.0,0.0,0.0,0.0,0.0,227.0,,0.0,1.0,1.0,0.0,1.0,Frugivore,Herbivore
210,Lepilemuridae,Lepilemur,Ankarana_Sportive_Lemur,Lepilemur_ankaranensis,Lepilemur_ankaranensis,1.0,0.0,0.0,0.0,0.0,0.0,0.0,227.0,,0.0,1.0,1.0,0.0,1.0,Folivore_frugivore,Herbivore
212,Lepilemuridae,Lepilemur,Gray_s_Sportive_Lemur,Lepilemur_dorsalis,Lepilemur_dorsalis,1.0,0.0,0.0,0.0,0.0,0.0,0.0,227.0,,0.0,1.0,1.0,0.0,1.0,Folivore,Herbivore
213,Lepilemuridae,Lepilemur,Milne_Edwards_s_Sportive_Lemur,Lepilemur_edwardsi,Lepilemur_edwardsi,1.0,0.0,0.0,0.0,0.0,0.0,0.0,227.0,,0.0,1.0,1.0,0.0,1.0,Folivore,Herbivore
219,Lepilemuridae,Lepilemur,White_footed_Sportive_Lemur,Lepilemur_leucopus,Lepilemur_leucopus,1.0,0.0,0.0,0.0,0.0,0.0,0.0,227.0,,0.0,1.0,1.0,0.0,1.0,Folivore,Herbivore
220,Lepilemuridae,Lepilemur,Small_toothed_Sportive_Lemur,Lepilemur_microdon,Lepilemur_microdon,1.0,0.0,0.0,0.0,0.0,0.0,0.0,227.0,,0.0,1.0,1.0,0.0,1.0,Folivore_frugivore,Herbivore
222,Lepilemuridae,Lepilemur,Mittermeier_s_Sportive_Lemur,Lepilemur_mittermeieri,Lepilemur_mittermeieri,1.0,0.0,0.0,0.0,0.0,0.0,0.0,227.0,,0.0,1.0,1.0,0.0,1.0,Folivore,Herbivore
223,Lepilemuridae,Lepilemur,Weasel_Sportive_Lemur,Lepilemur_mustelinus,Lepilemur_mustelinus,1.0,0.0,0.0,0.0,0.0,0.0,0.0,227.0,,0.0,1.0,1.0,0.0,1.0,Folivore,Herbivore
225,Lepilemuridae,Lepilemur,Petter_s_Sportive_Lemur,Lepilemur_petteri,Lepilemur_petteri,1.0,0.0,0.0,0.0,0.0,0.0,0.0,227.0,,0.0,1.0,1.0,0.0,1.0,Folivore,Herbivore
226,Lepilemuridae,Lepilemur,Bemaraha_Sportive_Lemur,Lepilemur_randrianasoloi,Lepilemur_randrianasoloi,1.0,0.0,0.0,0.0,0.0,0.0,0.0,227.0,,0.0,1.0,1.0,0.0,1.0,Folivore,Herbivore
227,Lepilemuridae,Lepilemur,Red_tailed_Sportive_Lemur,Lepilemur_ruficaudatus,Lepilemur_ruficaudatus,1.0,0.0,0.0,0.0,0.0,0.0,0.0,227.0,,0.0,1.0,1.0,0.0,1.0,Folivore,Herbivore
228,Lepilemuridae,Lepilemur,Sahamalaza_Sportive_Lemur,Lepilemur_sahamalazensis,Lepilemur_sahamalazensis,1.0,0.0,0.0,0.0,0.0,0.0,0.0,227.0,,0.0,1.0,1.0,0.0,1.0,Folivore,Herbivore
230,Lepilemuridae,Lepilemur,Seal_s_Sportive_Lemur,Lepilemur_seali,Lepilemur_seali,1.0,0.0,0.0,0.0,0.0,0.0,0.0,227.0,,0.0,1.0,1.0,0.0,1.0,Folivore,Herbivore
231,Lepilemuridae,Lepilemur,Sahafary_Sportive_Lemur,Lepilemur_septentrionalis,Lepilemur_septentrionalis,1.0,0.0,0.0,0.0,0.0,0.0,0.0,227.0,,0.0,1.0,1.0,0.0,1.0,Folivore,Herbivore
235,Cercopithecidae,Lophocebus,Northern_Black_Crested_Mangabey,Lophocebus_aterrimus,Lophocebus_aterrimus,1.0,0.0,0.0,0.0,0.0,0.0,0.0,227.0,,0.0,1.0,1.0,0.0,1.0,Frugivore,Herbivore
240,Lorisidae,Loris,Gray_Slender_Loris,Loris_lydekkerianus,Loris_lydekkerianus,1.0,0.0,0.0,0.0,0.0,0.0,0.0,227.0,,0.0,1.0,1.0,0.0,1.0,Insectivore,Omnivore
241,Lorisidae,Loris,Red_Slender_Loris,Loris_tardigradus,Loris_tardigradus,1.0,0.0,0.0,0.0,0.0,0.0,0.0,227.0,,0.0,1.0,1.0,0.0,1.0,Insectivore,Omnivore
242,Cercopithecidae,Macaca,Stump_tailed_Macaque,Macaca_arctoides,Macaca_arctoides,1.0,0.0,0.0,0.0,0.0,0.0,0.0,227.0,,0.0,1.0,1.0,0.0,1.0,Folivore_frugivore,Herbivore
243,Cercopithecidae,Macaca,Assamese_Macaque,Macaca_assamensis,Macaca_assamensis,1.0,0.0,0.0,0.0,0.0,0.0,0.0,227.0,,0.0,1.0,1.0,0.0,1.0,Frugivore,Herbivore
244,Cercopithecidae,Macaca,Taiwanese_Macaque,Macaca_cyclopis,Macaca_cyclopis,1.0,0.0,0.0,0.0,0.0,0.0,0.0,227.0,,0.0,1.0,1.0,0.0,1.0,Frugivore,Herbivore
245,Cercopithecidae,Macaca,Long_tailed_Macaque,Macaca_fascicularis,Macaca_fascicularis,1.0,0.0,0.0,0.0,1.0,0.0,0.0,227.0,,1.0,0.0,1.0,1.0,0.0,Frugivore,Herbivore
246,Cercopithecidae,Macaca,Japanese_Macaque,Macaca_fuscata,Macaca_fuscata,1.0,0.0,0.0,0.0,0.0,0.0,0.0,227.0,,0.0,1.0,1.0,0.0,1.0,Folivore_frugivore,Herbivore
247,Cercopithecidae,Macaca,Heck_s_Macaque,Macaca_hecki,Macaca_hecki,1.0,0.0,0.0,0.0,0.0,0.0,0.0,227.0,,0.0,1.0,1.0,0.0,1.0,Omnivore,Omnivore
248,Cercopithecidae,Macaca,Northern_Pig_tailed_Macaque,Macaca_leonina,Macaca_leonina,1.0,0.0,0.0,0.0,0.0,0.0,0.0,227.0,,0.0,1.0,1.0,0.0,1.0,Frugivore,Herbivore
250,Cercopithecidae,Macaca,Moor_Macaque,Macaca_maura,Macaca_maura,1.0,0.0,0.0,1.0,0.0,0.0,0.0,227.0,,1.0,0.0,1.0,1.0,0.0,Frugivore,Herbivore
251,Cercopithecidae,Macaca,Rhesus_Macaque,Macaca_mulatta,Macaca_mulatta,1.0,1.0,1.0,0.0,0.0,0.0,0.0,227.0,,1.0,0.0,1.0,1.0,0.0,Folivore_frugivore,Herbivore
253,Cercopithecidae,Macaca,Sunda_Pig_tailed_Macaque,Macaca_nemestrina,Macaca_nemestrina,1.0,0.0,0.0,0.0,0.0,0.0,0.0,227.0,,0.0,1.0,1.0,0.0,1.0,Frugivore,Herbivore
254,Cercopithecidae,Macaca,Crested_Macaque,Macaca_nigra,Macaca_nigra,1.0,0.0,0.0,0.0,0.0,0.0,0.0,227.0,,0.0,1.0,1.0,0.0,1.0,Frugivore,Herbivore
255,Cercopithecidae,Macaca,Gorontalo_Macaque,Macaca_nigrescens,Macaca_nigrescens,1.0,0.0,0.0,0.0,0.0,0.0,0.0,227.0,,0.0,1.0,1.0,0.0,1.0,Frugivore,Herbivore
256,Cercopithecidae,Macaca,Booted_Macaque,Macaca_ochreata,Macaca_ochreata,1.0,0.0,0.0,0.0,0.0,0.0,0.0,227.0,,0.0,1.0,1.0,0.0,1.0,Frugivore,Herbivore
257,Cercopithecidae,Macaca,Pagai_Macaque,Macaca_pagensis,Macaca_pagensis,1.0,0.0,0.0,0.0,0.0,0.0,0.0,227.0,,0.0,1.0,1.0,0.0,1.0,Frugivore,Herbivore
258,Cercopithecidae,Macaca,Bonnet_Macaque,Macaca_radiata,Macaca_radiata,1.0,1.0,1.0,0.0,0.0,0.0,0.0,227.0,,1.0,0.0,1.0,1.0,0.0,Frugivore,Herbivore
259,Cercopithecidae,Macaca,Siberut_Macaque,Macaca_siberu,Macaca_siberu,1.0,0.0,0.0,0.0,0.0,0.0,0.0,227.0,,0.0,1.0,1.0,0.0,1.0,Frugivore,Herbivore
260,Cercopithecidae,Macaca,Lion_tailed_Macaque,Macaca_silenus,Macaca_silenus,1.0,0.0,0.0,0.0,0.0,0.0,0.0,227.0,,0.0,1.0,1.0,0.0,1.0,Frugivore,Herbivore
261,Cercopithecidae,Macaca,Toque_Macaque,Macaca_sinica,Macaca_sinica,1.0,0.0,0.0,0.0,0.0,0.0,0.0,227.0,,0.0,1.0,1.0,0.0,1.0,Frugivore,Herbivore
262,Cercopithecidae,Macaca,Barbary_Macaque,Macaca_sylvanus,Macaca_sylvanus,1.0,0.0,1.0,0.0,0.0,1.0,0.0,227.0,,1.0,0.0,1.0,1.0,0.0,Omnivore,Omnivore
263,Cercopithecidae,Macaca,Tibetan_Macaque,Macaca_thibetana,Macaca_thibetana,1.0,0.0,0.0,0.0,0.0,0.0,0.0,227.0,,0.0,1.0,1.0,0.0,1.0,Frugivore,Herbivore
264,Cercopithecidae,Macaca,Tonkean_Macaque,Macaca_tonkeana,Macaca_tonkeana,1.0,0.0,0.0,0.0,0.0,0.0,0.0,227.0,,0.0,1.0,1.0,0.0,1.0,Frugivore,Herbivore
265,Cercopithecidae,Mandrillus,Drill,Mandrillus_leucophaeus,Mandrillus_leucophaeus,1.0,1.0,0.0,0.0,0.0,1.0,0.0,227.0,,1.0,0.0,1.0,1.0,0.0,Omnivore,Omnivore
266,Cercopithecidae,Mandrillus,Mandrill,Mandrillus_sphinx,Mandrillus_sphinx,1.0,0.0,0.0,0.0,0.0,0.0,0.0,227.0,,0.0,1.0,1.0,0.0,1.0,Omnivore,Omnivore
281,Cheirogaleidae,Microcebus,Madame_Berthe_s_Mouse_Lemur,Microcebus_berthae,Microcebus_berthae,1.0,0.0,0.0,0.0,0.0,0.0,0.0,227.0,,0.0,1.0,1.0,0.0,1.0,Omnivore,Omnivore
285,Cheirogaleidae,Microcebus,Gray_brown_Mouse_Lemur,Microcebus_griseorufus,Microcebus_griseorufus,1.0,0.0,1.0,0.0,0.0,0.0,0.0,227.0,,1.0,0.0,1.0,1.0,0.0,Omnivore,Omnivore
287,Cheirogaleidae,Microcebus,Goodman_s_Mouse_Lemur,Microcebus_lehilahytsara,Microcebus_lehilahytsara,1.0,0.0,0.0,0.0,0.0,0.0,0.0,227.0,,0.0,1.0,1.0,0.0,1.0,Omnivore,Omnivore
288,Cheirogaleidae,Microcebus,Anjiahely_Mouse_Lemur,Microcebus_macarthurii,Microcebus_macarthurii,1.0,0.0,0.0,0.0,0.0,0.0,0.0,227.0,,0.0,1.0,1.0,0.0,1.0,Omnivore,Omnivore
292,Cheirogaleidae,Microcebus,Mittermeier_s_Mouse_Lemur,Microcebus_mittermeieri,Microcebus_mittermeieri,1.0,0.0,0.0,0.0,0.0,0.0,0.0,227.0,,0.0,1.0,1.0,0.0,1.0,Omnivore,Omnivore
293,Cheirogaleidae,Microcebus,Gray_Mouse_Lemur,Microcebus_murinus,Microcebus_murinus,1.0,0.0,1.0,0.0,0.0,0.0,0.0,227.0,,1.0,0.0,1.0,1.0,0.0,Omnivore,Omnivore
294,Cheirogaleidae,Microcebus,Peters_s_Mouse_Lemur,Microcebus_myoxinus,Microcebus_myoxinus,1.0,0.0,0.0,0.0,0.0,0.0,0.0,227.0,,0.0,1.0,1.0,0.0,1.0,Omnivore,Omnivore
295,Cheirogaleidae,Microcebus,Golden_brown_Mouse_Lemur,Microcebus_ravelobensis,Microcebus_ravelobensis,1.0,0.0,0.0,0.0,0.0,0.0,0.0,227.0,,0.0,1.0,1.0,0.0,1.0,Omnivore,Omnivore
296,Cheirogaleidae,Microcebus,Rufous_Mouse_Lemur,Microcebus_rufus,Microcebus_rufus,1.0,0.0,0.0,0.0,0.0,0.0,0.0,227.0,,0.0,1.0,1.0,0.0,1.0,Omnivore,Omnivore
297,Cheirogaleidae,Microcebus,Sambirano_Mouse_Lemur,Microcebus_sambiranensis,Microcebus_sambiranensis,1.0,0.0,0.0,0.0,0.0,0.0,0.0,227.0,,0.0,1.0,1.0,0.0,1.0,Omnivore,Omnivore
300,Cheirogaleidae,Microcebus,Tavaratra_Mouse_Lemur,Microcebus_tavaratra,Microcebus_tavaratra,1.0,0.0,0.0,0.0,0.0,0.0,0.0,227.0,,0.0,1.0,1.0,0.0,1.0,Omnivore,Omnivore
301,Cercopithecidae,Miopithecus,Northern_Talapoin_Monkey,Miopithecus_ogouensis,Miopithecus_ogouensis,1.0,0.0,0.0,0.0,0.0,0.0,0.0,227.0,,0.0,1.0,1.0,0.0,1.0,Frugivore,Herbivore
302,Cercopithecidae,Miopithecus,Southern_Talapoin_Monkey,Miopithecus_talapoin,Miopithecus_talapoin,1.0,0.0,0.0,0.0,1.0,0.0,0.0,227.0,,1.0,0.0,1.0,1.0,0.0,Omnivore,Omnivore
303,Cheirogaleidae,Mirza,Coquerel_s_Giant_Mouse_Lemur,Mirza_coquereli,Mirza_coquereli,1.0,0.0,0.0,0.0,0.0,0.0,0.0,227.0,,0.0,1.0,1.0,0.0,1.0,Omnivore,Omnivore
304,Cheirogaleidae,Mirza,Northern_Giant_Mouse_Lemur,Mirza_zaza,Mirza_zaza,1.0,0.0,0.0,0.0,0.0,0.0,0.0,227.0,,0.0,1.0,1.0,0.0,1.0,Omnivore,Omnivore
305,Cercopithecidae,Nasalis,Proboscis_Monkey,Nasalis_larvatus,Nasalis_larvatus,1.0,0.0,0.0,0.0,0.0,0.0,0.0,227.0,,0.0,1.0,1.0,0.0,1.0,Folivore_frugivore,Herbivore
306,Hylobatidae,Nomascus,Northern_Yellow_cheeked_Crested_Gibbon,Nomascus_annamensis,Nomascus_annamensis,1.0,0.0,0.0,0.0,0.0,0.0,0.0,1082.0,,0.0,1.0,1.0,0.0,1.0,Frugivore,Herbivore
307,Hylobatidae,Nomascus,Western_Black_Crested_Gibbon,Nomascus_concolor,Nomascus_concolor,1.0,0.0,0.0,0.0,0.0,0.0,0.0,227.0,,0.0,1.0,1.0,0.0,1.0,Folivore_frugivore,Herbivore
308,Hylobatidae,Nomascus,Southern_Yellow_cheeked_Crested_Gibbon,Nomascus_gabriellae,Nomascus_gabriellae,1.0,0.0,0.0,0.0,0.0,0.0,0.0,227.0,,0.0,1.0,1.0,0.0,1.0,Frugivore,Herbivore
309,Hylobatidae,Nomascus,Hainan_Crested_Gibbon,Nomascus_hainanus,Nomascus_hainanus,1.0,0.0,0.0,0.0,0.0,0.0,0.0,227.0,,0.0,1.0,1.0,0.0,1.0,Frugivore,Herbivore
310,Hylobatidae,Nomascus,Northern_White_cheeked_Crested_Gibbon,Nomascus_leucogenys,Nomascus_leucogenys,1.0,0.0,0.0,0.0,0.0,0.0,0.0,227.0,,0.0,1.0,1.0,0.0,1.0,Folivore_frugivore,Herbivore
311,Hylobatidae,Nomascus,Eastern_Black_Crested_Gibbon,Nomascus_nasutus,Nomascus_nasutus,1.0,0.0,0.0,0.0,0.0,0.0,0.0,227.0,,0.0,1.0,1.0,0.0,1.0,Frugivore,Herbivore
312,Hylobatidae,Nomascus,Southern_White_cheeked_Crested_Gibbon,Nomascus_siki,Nomascus_siki,1.0,0.0,0.0,0.0,0.0,0.0,0.0,227.0,,0.0,1.0,1.0,0.0,1.0,Frugivore,Herbivore
314,Lorisidae,Nycticebus,Bengal_Slow_Loris,Nycticebus_bengalensis,Nycticebus_bengalensis,1.0,0.0,0.0,0.0,0.0,0.0,0.0,227.0,,0.0,1.0,1.0,0.0,1.0,Gummivore,Omnivore
316,Lorisidae,Nycticebus,Sunda_Slow_Loris,Nycticebus_coucang,Nycticebus_coucang,1.0,0.0,0.0,0.0,0.0,0.0,0.0,227.0,,0.0,1.0,1.0,0.0,1.0,Omnivore,Omnivore
317,Lorisidae,Nycticebus,Javan_Slow_Loris,Nycticebus_javanicus,Nycticebus_javanicus,1.0,0.0,0.0,0.0,0.0,0.0,0.0,227.0,,0.0,1.0,1.0,0.0,1.0,Gummivore,Omnivore
319,Lorisidae,Nycticebus,Philippine_Slow_Loris,Nycticebus_menagensis,Nycticebus_menagensis,1.0,0.0,0.0,0.0,0.0,0.0,0.0,227.0,,0.0,1.0,1.0,0.0,1.0,Omnivore,Omnivore
320,Lorisidae,Nycticebus,Pygmy_Slow_Loris,Nycticebus_pygmaeus,Nycticebus_pygmaeus,1.0,0.0,0.0,0.0,0.0,0.0,0.0,227.0,,0.0,1.0,1.0,0.0,1.0,Gummivore,Omnivore
321,Galagidae,Otolemur,Thick_tailed_Greater_Galago,Otolemur_crassicaudatus,Otolemur_crassicaudatus,1.0,1.0,1.0,0.0,0.0,0.0,0.0,227.0,,1.0,0.0,1.0,1.0,0.0,Omnivore,Omnivore
323,Hominidae,Pan,Bonobo,Pan_paniscus,Pan_paniscus,1.0,0.0,0.0,0.0,0.0,0.0,0.0,227.0,,0.0,1.0,1.0,0.0,1.0,Omnivore,Omnivore
324,Hominidae,Pan,Chimpanzee,Pan_troglodytes,Pan_troglodytes,1.0,1.0,0.0,0.0,0.0,0.0,0.0,227.0,,1.0,0.0,1.0,1.0,0.0,Omnivore,Omnivore
325,Cercopithecidae,Papio,Olive_Baboon,Papio_anubis,Papio_anubis,1.0,1.0,1.0,1.0,0.0,0.0,0.0,227.0,,1.0,0.0,1.0,1.0,0.0,Omnivore,Omnivore
326,Cercopithecidae,Papio,Yellow_Baboon,Papio_cynocephalus,Papio_cynocephalus,1.0,1.0,0.0,0.0,0.0,0.0,0.0,227.0,,1.0,0.0,1.0,1.0,0.0,Omnivore,Omnivore
327,Cercopithecidae,Papio,Hamadryas_Baboon,Papio_hamadryas,Papio_hamadryas,0.0,0.0,1.0,1.0,0.0,1.0,0.0,227.0,,1.0,0.0,1.0,1.0,0.0,Omnivore,Omnivore
328,Cercopithecidae,Papio,Kinda_Baboon,Papio_kindae,Papio_kindae,1.0,1.0,1.0,0.0,0.0,0.0,0.0,247.0,,1.0,0.0,1.0,1.0,0.0,Frugivore,Herbivore
329,Cercopithecidae,Papio,Guinea_Baboon,Papio_papio,Papio_papio,1.0,1.0,0.0,1.0,0.0,0.0,0.0,227.0,,1.0,0.0,1.0,1.0,0.0,Omnivore,Omnivore
330,Cercopithecidae,Papio,Chacma_Baboon,Papio_ursinus,Papio_ursinus,1.0,1.0,1.0,1.0,0.0,1.0,1.0,227.0,,1.0,0.0,1.0,1.0,0.0,Omnivore,Omnivore
333,Lorisidae,Perodicticus,West_African_Potto,Perodicticus_potto,Perodicticus_potto,1.0,0.0,0.0,0.0,0.0,0.0,0.0,227.0,,0.0,1.0,1.0,0.0,1.0,Frugivore,Herbivore
338,Cercopithecidae,Piliocolobus,Upper_Guinea_Red_Colobus,Piliocolobus_badius,Piliocolobus_badius,1.0,0.0,0.0,0.0,0.0,0.0,0.0,962.0,,0.0,1.0,1.0,0.0,1.0,Folivore_frugivore,Herbivore
341,Cercopithecidae,Piliocolobus,Foa_s_Red_Colobus,Piliocolobus_foai,Piliocolobus_foai,1.0,0.0,0.0,0.0,0.0,0.0,0.0,435.0,,0.0,1.0,1.0,0.0,1.0,Folivore_frugivore,Herbivore
342,Cercopithecidae,Piliocolobus,Udzungwa_Red_Colobus,Piliocolobus_gordonorum,Piliocolobus_gordonorum,1.0,0.0,0.0,0.0,1.0,0.0,0.0,1106.0,1107.0,1.0,0.0,1.0,1.0,0.0,Folivore_frugivore,Herbivore
343,Cercopithecidae,Piliocolobus,Zanzibar_Red_Colobus,Piliocolobus_kirkii,Piliocolobus_kirkii,1.0,0.0,1.0,0.0,1.0,0.0,0.0,250.0,262.0,1.0,0.0,1.0,1.0,0.0,Folivore_frugivore,Herbivore
347,Cercopithecidae,Piliocolobus,Pennant_s_Red_Colobus,Piliocolobus_pennantii,Piliocolobus_pennantii,1.0,0.0,0.0,0.0,0.0,0.0,0.0,1111.0,,0.0,1.0,1.0,0.0,1.0,Folivore_frugivore,Herbivore
348,Cercopithecidae,Piliocolobus,Preuss_s_Red_Colobus,Piliocolobus_preussi,Piliocolobus_preussi,1.0,0.0,0.0,0.0,0.0,0.0,0.0,362.0,,0.0,1.0,1.0,0.0,1.0,Folivore,Herbivore
349,Cercopithecidae,Piliocolobus,Tana_River_Red_Colobus,Piliocolobus_rufomitratus,Piliocolobus_rufomitratus,1.0,0.0,0.0,0.0,0.0,0.0,0.0,227.0,,0.0,1.0,1.0,0.0,1.0,Folivore,Herbivore
352,Cercopithecidae,Piliocolobus,Ashy_Red_Colobus,Piliocolobus_tephrosceles,Piliocolobus_tephrosceles,1.0,0.0,0.0,0.0,0.0,0.0,0.0,904.0,,0.0,1.0,1.0,0.0,1.0,Folivore,Herbivore
353,Cercopithecidae,Piliocolobus,Tshuapa_Red_Colobus,Piliocolobus_tholloni,Piliocolobus_tholloni,1.0,0.0,0.0,0.0,1.0,0.0,0.0,908.0,,1.0,0.0,1.0,1.0,0.0,Folivore,Herbivore
361,Pitheciidae,Pithecia,Gray_s_Bald_faced_Saki,Pithecia_irrorata,Pithecia_irrorata,1.0,0.0,0.0,0.0,1.0,0.0,0.0,1113.0,,1.0,0.0,1.0,1.0,0.0,Frugivore,Herbivore
368,Pitheciidae,Pithecia,White_faced_saki,Pithecia_pithecia,Pithecia_pithecia,1.0,0.0,0.0,0.0,1.0,0.0,0.0,919.0,112.0,1.0,0.0,1.0,1.0,0.0,Frugivore,Herbivore
374,Pitheciidae,Plecturocebus,Brown_Titi,Plecturocebus_brunneus,Plecturocebus_brunneus,1.0,0.0,0.0,0.0,0.0,0.0,0.0,30.0,,0.0,1.0,1.0,0.0,1.0,Frugivore,Herbivore
378,Pitheciidae,Plecturocebus,Coppery_Titi,Plecturocebus_cupreus,Plecturocebus_cupreus,1.0,0.0,0.0,0.0,0.0,0.0,0.0,926.0,,0.0,1.0,1.0,0.0,1.0,Frugivore,Herbivore
380,Pitheciidae,Plecturocebus,White_eared_Titi,Plecturocebus_donacophilus,Plecturocebus_donacophilus,1.0,1.0,0.0,0.0,1.0,0.0,0.0,251.0,,1.0,0.0,1.0,1.0,0.0,Frugivore,Herbivore
384,Pitheciidae,Plecturocebus,Red_bellied_Titi,Plecturocebus_moloch,Plecturocebus_moloch,1.0,0.0,0.0,0.0,0.0,0.0,0.0,241.0,,0.0,1.0,1.0,0.0,1.0,Omnivore,Omnivore
393,Hominidae,Pongo,Sumatran_Orangutan,Pongo_abelii,Pongo_abelii,1.0,0.0,0.0,0.0,0.0,0.0,0.0,227.0,,0.0,1.0,1.0,0.0,1.0,Frugivore,Herbivore
394,Hominidae,Pongo,Bornean_Orangutan,Pongo_pygmaeus,Pongo_pygmaeus,1.0,0.0,0.0,0.0,0.0,0.0,0.0,227.0,,0.0,1.0,1.0,0.0,1.0,Frugivore,Herbivore
397,Cercopithecidae,Presbytis,Cross_marked_Langur,Presbytis_chrysomelas,Presbytis_chrysomelas,1.0,0.0,0.0,0.0,0.0,0.0,0.0,227.0,,0.0,1.0,1.0,0.0,1.0,Folivore_frugivore,Herbivore
400,Cercopithecidae,Presbytis,White_fronted_Langur,Presbytis_frontata,Presbytis_frontata,1.0,0.0,0.0,0.0,0.0,0.0,0.0,227.0,,0.0,1.0,1.0,0.0,1.0,Folivore,Herbivore
402,Cercopithecidae,Presbytis,Black_crested_Sumatran_Langur,Presbytis_melalophos,Presbytis_melalophos,1.0,0.0,1.0,0.0,0.0,0.0,0.0,227.0,,1.0,0.0,1.0,1.0,0.0,Folivore_frugivore,Herbivore
411,Cercopithecidae,Presbytis,Thomas_s_Langur,Presbytis_thomasi,Presbytis_thomasi,1.0,0.0,0.0,0.0,0.0,0.0,0.0,227.0,,0.0,1.0,1.0,0.0,1.0,Folivore_frugivore,Herbivore
412,Cercopithecidae,Procolobus,Olive_Colobus,Procolobus_verus,Procolobus_verus,1.0,0.0,0.0,0.0,0.0,0.0,0.0,227.0,,0.0,1.0,1.0,0.0,1.0,Folivore,Herbivore
413,Lemuridae,Prolemur,Greater_Bamboo_Lemur,Prolemur_simus,Prolemur_simus,1.0,0.0,0.0,0.0,0.0,0.0,0.0,227.0,,0.0,1.0,1.0,0.0,1.0,Folivore,Herbivore
415,Indriidae,Propithecus,Coquerel_s_Sifaka,Propithecus_coquereli,Propithecus_coquereli,1.0,0.0,0.0,0.0,0.0,0.0,0.0,227.0,,0.0,1.0,1.0,0.0,1.0,Folivore_frugivore,Herbivore
416,Indriidae,Propithecus,Crowned_Sifaka,Propithecus_coronatus,Propithecus_coronatus,1.0,0.0,0.0,0.0,0.0,0.0,0.0,227.0,,0.0,1.0,1.0,0.0,1.0,Folivore,Herbivore
418,Indriidae,Propithecus,Diademed_Sifaka,Propithecus_diadema,Propithecus_diadema,1.0,0.0,0.0,0.0,0.0,0.0,0.0,227.0,,0.0,1.0,1.0,0.0,1.0,Folivore_frugivore,Herbivore
419,Indriidae,Propithecus,Milne_Edwards_s_Sifaka,Propithecus_edwardsi,Propithecus_edwardsi,1.0,0.0,0.0,0.0,0.0,0.0,0.0,227.0,,0.0,1.0,1.0,0.0,1.0,Folivore_frugivore,Herbivore
420,Indriidae,Propithecus,Perrier_s_Sifaka,Propithecus_perrieri,Propithecus_perrieri,1.0,0.0,0.0,0.0,0.0,0.0,0.0,227.0,,0.0,1.0,1.0,0.0,1.0,Folivore_frugivore,Herbivore
421,Indriidae,Propithecus,Tattersall_s_Sifaka,Propithecus_tattersalli,Propithecus_tattersalli,1.0,0.0,0.0,0.0,0.0,0.0,0.0,227.0,,0.0,1.0,1.0,0.0,1.0,Folivore_frugivore,Herbivore
422,Indriidae,Propithecus,Verreaux_s_Sifaka,Propithecus_verreauxi,Propithecus_verreauxi,1.0,0.0,1.0,0.0,0.0,0.0,0.0,227.0,,1.0,0.0,1.0,1.0,0.0,Folivore_frugivore,Herbivore
423,Cercopithecidae,Pygathrix,Grey_shanked_Douc,Pygathrix_cinerea,Pygathrix_cinerea,1.0,0.0,0.0,0.0,0.0,0.0,0.0,227.0,,0.0,1.0,1.0,0.0,1.0,Folivore,Herbivore
424,Cercopithecidae,Pygathrix,Red_shanked_Douc,Pygathrix_nemaeus,Pygathrix_nemaeus,1.0,0.0,0.0,0.0,0.0,0.0,0.0,227.0,,0.0,1.0,1.0,0.0,1.0,Folivore,Herbivore
425,Cercopithecidae,Pygathrix,Black_shanked_Douc,Pygathrix_nigripes,Pygathrix_nigripes,1.0,0.0,0.0,0.0,0.0,0.0,0.0,227.0,,0.0,1.0,1.0,0.0,1.0,Folivore_frugivore,Herbivore
426,Cercopithecidae,Rhinopithecus,Tonkin_Snub_nosed_Monkey,Rhinopithecus_avunculus,Rhinopithecus_avunculus,1.0,0.0,0.0,0.0,0.0,0.0,0.0,227.0,,0.0,1.0,1.0,0.0,1.0,Folivore_frugivore,Herbivore
427,Cercopithecidae,Rhinopithecus,Yunnan_Snub_nosed_Monkey,Rhinopithecus_bieti,Rhinopithecus_bieti,1.0,0.0,0.0,0.0,0.0,0.0,0.0,227.0,,0.0,1.0,1.0,0.0,1.0,Folivore,Herbivore
428,Cercopithecidae,Rhinopithecus,Guizhou_Snub_nosed_Monkey,Rhinopithecus_brelichi,Rhinopithecus_brelichi,1.0,0.0,0.0,0.0,0.0,0.0,0.0,227.0,,0.0,1.0,1.0,0.0,1.0,Folivore,Herbivore
429,Cercopithecidae,Rhinopithecus,Golden_Snub_nosed_Monkey,Rhinopithecus_roxellana,Rhinopithecus_roxellana,1.0,0.0,0.0,0.0,0.0,0.0,0.0,227.0,,0.0,1.0,1.0,0.0,1.0,Folivore,Herbivore
430,Cercopithecidae,Rhinopithecus,Stryker_s_Snub_nosed_Monkey,Rhinopithecus_strykeri,Rhinopithecus_strykeri,1.0,0.0,0.0,0.0,0.0,0.0,0.0,227.0,,0.0,1.0,1.0,0.0,1.0,Folivore,Herbivore
431,Cercopithecidae,Rungwecebus,Kipunji,Rungwecebus_kipunji,Rungwecebus_kipunji,1.0,0.0,0.0,0.0,0.0,0.0,0.0,227.0,,0.0,1.0,1.0,0.0,1.0,Omnivore,Omnivore
432,Callitrichidae,Saguinus,Pied_Tamarin,Saguinus_bicolor,Saguinus_bicolor,1.0,0.0,0.0,0.0,0.0,0.0,0.0,227.0,,0.0,1.0,1.0,0.0,1.0,Frugivore,Herbivore
433,Callitrichidae,Saguinus,Geoffroy_s_Tamarin,Saguinus_geoffroyi,Saguinus_geoffroyi,1.0,0.0,0.0,0.0,0.0,0.0,0.0,227.0,,0.0,1.0,1.0,0.0,1.0,Omnivore,Omnivore
434,Callitrichidae,Saguinus,Emperor_Tamarin,Saguinus_imperator,Saguinus_imperator,1.0,0.0,0.0,0.0,0.0,0.0,0.0,227.0,,0.0,1.0,1.0,0.0,1.0,Omnivore,Omnivore
436,Callitrichidae,Saguinus,Red_bellied_Tamarin,Saguinus_labiatus,Saguinus_labiatus,1.0,0.0,0.0,0.0,0.0,0.0,0.0,227.0,,0.0,1.0,1.0,0.0,1.0,Omnivore,Omnivore
437,Callitrichidae,Saguinus,White_footed_Tamarin,Saguinus_leucopus,Saguinus_leucopus,1.0,0.0,0.0,0.0,0.0,0.0,0.0,227.0,,0.0,1.0,1.0,0.0,1.0,Frugivore,Herbivore
438,Callitrichidae,Saguinus,Martin_s_Bare_faced_Tamarin,Saguinus_martinsi,Saguinus_martinsi,1.0,0.0,0.0,0.0,0.0,0.0,0.0,227.0,,0.0,1.0,1.0,0.0,1.0,Frugivore,Herbivore
439,Callitrichidae,Saguinus,Midas_Tamarin,Saguinus_midas,Saguinus_midas,1.0,1.0,0.0,0.0,0.0,0.0,0.0,227.0,,1.0,0.0,1.0,1.0,0.0,Omnivore,Omnivore
440,Callitrichidae,Saguinus,Mustached_Tamarin,Saguinus_mystax,Saguinus_mystax,1.0,0.0,0.0,0.0,0.0,0.0,0.0,227.0,,0.0,1.0,1.0,0.0,1.0,Omnivore,Omnivore
441,Callitrichidae,Saguinus,Western_Black_handed_Tamarin,Saguinus_niger,Saguinus_niger,1.0,0.0,0.0,0.0,0.0,0.0,0.0,227.0,,0.0,1.0,1.0,0.0,1.0,Frugivore,Herbivore
442,Callitrichidae,Saguinus,Cotton_top_Tamarin,Saguinus_oedipus,Saguinus_oedipus,1.0,0.0,0.0,0.0,0.0,0.0,0.0,227.0,,0.0,1.0,1.0,0.0,1.0,Omnivore,Omnivore
444,Cebidae,Saimiri,Black_capped_Squirrel_Monkey,Saimiri_boliviensis,Saimiri_boliviensis,1.0,0.0,0.0,0.0,0.0,0.0,0.0,227.0,,0.0,1.0,1.0,0.0,1.0,Omnivore,Omnivore
449,Cebidae,Saimiri,Golden_backed_Squirrel_Monkey,Saimiri_ustus,Saimiri_ustus,1.0,0.0,0.0,0.0,0.0,0.0,0.0,227.0,,0.0,1.0,1.0,0.0,1.0,Omnivore,Omnivore
450,Cebidae,Saimiri,Black_headed_Squirrel_Monkey,Saimiri_vanzolinii,Saimiri_vanzolinii,1.0,0.0,0.0,0.0,0.0,0.0,0.0,227.0,,0.0,1.0,1.0,0.0,1.0,Omnivore,Omnivore
451,Cebidae,Sapajus,Guianan_Brown_Capuchin,Sapajus_apella,Sapajus_apella,1.0,1.0,0.0,0.0,0.0,0.0,0.0,227.0,,1.0,0.0,1.0,1.0,0.0,Omnivore,Omnivore
452,Cebidae,Sapajus,Hooded_Capuchin,Sapajus_cay,Sapajus_cay,1.0,1.0,0.0,0.0,0.0,0.0,0.0,227.0,,1.0,0.0,1.0,1.0,0.0,Omnivore,Omnivore
453,Cebidae,Sapajus,Blond_Capuchin,Sapajus_flavius,Sapajus_flavius,1.0,0.0,0.0,0.0,0.0,0.0,0.0,227.0,,0.0,1.0,1.0,0.0,1.0,Omnivore,Omnivore
454,Cebidae,Sapajus,Bearded_Capuchin,Sapajus_libidinosus,Sapajus_libidinosus,1.0,1.0,0.0,0.0,0.0,0.0,0.0,227.0,,1.0,0.0,1.0,1.0,0.0,Omnivore,Omnivore
455,Cebidae,Sapajus,Large_headed_Capuchin,Sapajus_macrocephalus,Sapajus_macrocephalus,1.0,0.0,0.0,0.0,0.0,0.0,0.0,227.0,,0.0,1.0,1.0,0.0,1.0,Omnivore,Omnivore
456,Cebidae,Sapajus,Black_horned_Capuchin,Sapajus_nigritus,Sapajus_nigritus,1.0,0.0,0.0,0.0,0.0,0.0,0.0,227.0,,0.0,1.0,1.0,0.0,1.0,Omnivore,Omnivore
457,Cebidae,Sapajus,Crested_Capuchin,Sapajus_robustus,Sapajus_robustus,1.0,0.0,0.0,0.0,0.0,0.0,0.0,227.0,,0.0,1.0,1.0,0.0,1.0,Frugivore,Herbivore
458,Cebidae,Sapajus,Yellow_breasted_Capuchin,Sapajus_xanthosternos,Sapajus_xanthosternos,1.0,0.0,0.0,0.0,0.0,0.0,0.0,227.0,,0.0,1.0,1.0,0.0,1.0,Omnivore,Omnivore
464,Cercopithecidae,Semnopithecus,Bengal_Sacred_Langur,Semnopithecus_entellus,Semnopithecus_entellus,1.0,1.0,1.0,0.0,0.0,0.0,0.0,227.0,,1.0,0.0,1.0,1.0,0.0,Folivore_frugivore,Herbivore
471,Cercopithecidae,Simias,Pig_tailed_Langur,Simias_concolor,Simias_concolor,1.0,0.0,0.0,0.0,0.0,0.0,0.0,227.0,,0.0,1.0,1.0,0.0,1.0,Folivore,Herbivore
472,Hylobatidae,Symphalangus,Siamang,Symphalangus_syndactylus,Symphalangus_syndactylus,1.0,0.0,0.0,0.0,0.0,0.0,0.0,227.0,,0.0,1.0,1.0,0.0,1.0,Folivore_frugivore,Herbivore
473,Tarsiidae,Tarsius,Dian_s_Tarsier,Tarsius_dentatus,Tarsius_dentatus,1.0,0.0,0.0,0.0,0.0,0.0,0.0,227.0,,0.0,1.0,1.0,0.0,1.0,Insectivore,Omnivore
475,Tarsiidae,Tarsius,Lariang_Tarsier,Tarsius_lariang,Tarsius_lariang,1.0,0.0,0.0,0.0,0.0,0.0,0.0,227.0,,0.0,1.0,1.0,0.0,1.0,Insectivore,Omnivore
478,Tarsiidae,Tarsius,Great_Sangihe_Tarsier,Tarsius_sangirensis,Tarsius_sangirensis,1.0,0.0,0.0,0.0,1.0,0.0,0.0,227.0,,1.0,0.0,1.0,1.0,0.0,Insectivore,Omnivore
479,Tarsiidae,Tarsius,Selayar_Tarsier,Tarsius_tarsier,Tarsius_tarsier,1.0,0.0,0.0,0.0,0.0,0.0,0.0,227.0,,0.0,1.0,1.0,0.0,1.0,Insectivore,Omnivore
481,Tarsiidae,Tarsius,Wallace_s_Tarsier,Tarsius_wallacei,Tarsius_wallacei,1.0,0.0,0.0,0.0,1.0,0.0,0.0,227.0,,1.0,0.0,1.0,1.0,0.0,Insectivore,Omnivore
482,Cercopithecidae,Theropithecus,Gelada,Theropithecus_gelada,Theropithecus_gelada,0.0,0.0,0.0,1.0,0.0,1.0,0.0,227.0,,1.0,0.0,1.0,1.0,0.0,Folivore,Herbivore
483,Cercopithecidae,Trachypithecus,East_Javan_Langur,Trachypithecus_auratus,Trachypithecus_auratus,1.0,0.0,0.0,0.0,0.0,0.0,0.0,227.0,,0.0,1.0,1.0,0.0,1.0,Folivore,Herbivore
486,Cercopithecidae,Trachypithecus,Silvered_Langur,Trachypithecus_cristatus,Trachypithecus_cristatus,1.0,0.0,0.0,0.0,0.0,0.0,0.0,227.0,,0.0,1.0,1.0,0.0,1.0,Folivore,Herbivore
487,Cercopithecidae,Trachypithecus,Delacour_s_Langur,Trachypithecus_delacouri,Trachypithecus_delacouri,1.0,0.0,0.0,0.0,0.0,0.0,0.0,227.0,,0.0,1.0,1.0,0.0,1.0,Folivore,Herbivore
489,Cercopithecidae,Trachypithecus,Francois_s_Langur,Trachypithecus_francoisi,Trachypithecus_francoisi,1.0,0.0,0.0,0.0,0.0,0.0,0.0,227.0,,0.0,1.0,1.0,0.0,1.0,Folivore,Herbivore
490,Cercopithecidae,Trachypithecus,Golden_Langur,Trachypithecus_geei,Trachypithecus_geei,1.0,0.0,0.0,0.0,0.0,0.0,0.0,227.0,,0.0,1.0,1.0,0.0,1.0,Folivore,Herbivore
491,Cercopithecidae,Trachypithecus,Germain_s_Langur,Trachypithecus_germaini,Trachypithecus_germaini,1.0,0.0,0.0,0.0,0.0,0.0,0.0,227.0,,0.0,1.0,1.0,0.0,1.0,Folivore,Herbivore
492,Cercopithecidae,Trachypithecus,Hatinh_Langur,Trachypithecus_hatinhensis,Trachypithecus_hatinhensis,1.0,0.0,0.0,0.0,0.0,1.0,0.0,227.0,,1.0,0.0,1.0,1.0,0.0,Folivore,Herbivore
497,Cercopithecidae,Trachypithecus,Dusky_Langur,Trachypithecus_obscurus,Trachypithecus_obscurus,1.0,0.0,0.0,0.0,0.0,0.0,0.0,227.0,,0.0,1.0,1.0,0.0,1.0,Folivore,Herbivore
498,Cercopithecidae,Trachypithecus,Phayre_s_Langur,Trachypithecus_phayrei,Trachypithecus_phayrei,1.0,1.0,0.0,0.0,0.0,0.0,0.0,227.0,,1.0,0.0,1.0,1.0,0.0,Folivore,Herbivore
499,Cercopithecidae,Trachypithecus,Capped_Langur,Trachypithecus_pileatus,Trachypithecus_pileatus,1.0,0.0,0.0,0.0,0.0,0.0,0.0,227.0,,0.0,1.0,1.0,0.0,1.0,Folivore,Herbivore
500,Cercopithecidae,Trachypithecus,Cat_Ba_Langur,Trachypithecus_poliocephalus,Trachypithecus_poliocephalus,1.0,0.0,1.0,0.0,0.0,0.0,0.0,254.0,199.0,1.0,0.0,1.0,1.0,0.0,Folivore,Herbivore
502,Cercopithecidae,Trachypithecus,Shortridge_s_Langur,Trachypithecus_shortridgei,Trachypithecus_shortridgei,1.0,0.0,0.0,0.0,0.0,0.0,0.0,227.0,,0.0,1.0,1.0,0.0,1.0,Folivore,Herbivore
503,Lemuridae,Varecia,Red_Ruffed_Lemur,Varecia_rubra,Varecia_rubra,1.0,0.0,0.0,0.0,0.0,0.0,0.0,227.0,,0.0,1.0,1.0,0.0,1.0,Frugivore,Herbivore
